"","target_child_id"
"1",1754
"2",1999
"3",2006
"4",2007
"5",2020
"6",2040
"7",2053
"8",2065
"9",2077
"10",2091
"11",2108
"12",2112
"13",2127
"14",2130
"15",2141
"16",2172
"17",2187
"18",2202
"19",2234
"20",2249
"21",2264
"22",2279
"23",2291
"24",2302
"25",2315
"26",2316
"27",2317
"28",2319
"29",2328
"30",2377
"31",2399
"32",2400
"33",2402
"34",2405
"35",2481
"36",2489
"37",2529
"38",2543
"39",2564
"40",2575
"41",2622
"42",2643
"43",2725
"44",3057
"45",3330
"46",3351
"47",3395
"48",3459
"49",3906
"50",3940
"51",3978
"52",3985
"53",4001
"54",4011
"55",4019
"56",5503
"57",22728
"58",1741
"59",2483
"60",2485
"61",2515
"62",2517
"63",2519
"64",2601
"65",2606
"66",2658
"67",3144
"68",3537
"69",3560
"70",4031
"71",5510
"72",5525
"73",5547
"74",5564
"75",22695
"76",22704
"77",22743
"78",22755
"79",22764
